Thread,time
1,0.937492325 s
2,0.503798508 s
3,0.341227973 s
4,0.277492041 s
5,0.258073588 s
6,0.243843848 s
7,0.234492948 s
8,0.22992030400000002 s
9,0.234681315 s
10,0.22703741200000002 s