Thread,time
1,0.977892321 s
2,0.508816049 s
3,0.34568056900000005 s
4,0.272092332 s
5,0.25511606000000003 s
6,0.241082385 s
7,0.232057908 s
8,0.227247636 s
9,0.227236505 s
10,0.229158315 s