Thread,time
1,0.041632338000000005 s
2,0.012135936 s
3,0.009619912000000001 s
4,0.012236868000000001 s
5,0.00955444 s
6,0.010411844 s
7,0.010865428 s
8,0.008429413 s
9,0.009879167000000001 s
10,0.008148299000000001 s