Thread,time
1,0.06793099200000001 s
2,0.016813308000000003 s
3,0.016088480000000002 s
4,0.015382552 s
5,0.012650252 s
6,0.013457629 s
7,0.012739417000000001 s
8,0.025065699 s
9,0.012923884 s
10,0.017349845000000003 s